Subject,Term 1,Term 2,Final Grade
COMMUNICATIONS NETWORKS FUNDAMENTALS 2,58.63072982028667,56.064160601777004,57.34744521103184
ICT ELECTIVES 2,27.58843044120254,95.59975445996633,61.59409245058444
INFORMATION MANAGEMENT 2,52.26328394256732,79.79925608984037,66.03127001620385
MULTIMEDIA APPLICATIONS DESIGN,79.7775645381287,80.27759161535121,80.02757807673996
MULTIMEDIA APPLICATIONS PRACTICE,27.2157267701136,42.80453407134826,35.01013042073093
MULTIMEDIA APPLICATIONS TECHNOLOGY,96.67880881607572,21.924146186767047,59.30147750142138
PROFESSIONAL COMMUNICATIONS 2,74.16666613331432,1.1501980303566084,37.658432081835464
